Id,fruit,month,fmp,envoriment
1,Apricot,Jan,8.50752491,
2,Apricot,Feb,3.303281659,
3,Apricot,Mar,6.394430063,
4,Apricot,Apr,7.779541904,
5,Apricot,May,1.418946714,
6,Apricot,Jun,5.747089588,
7,Apricot,Jul,6.561601905,
8,Apricot,Aug,2.830103645,
9,Apricot,Sep,1.819838066,
10,Apricot,Oct,0.623128312,
11,Apricot,Nov,1.441231853,
12,Apricot,Dec,5.929240758,
13,Avocado,Jan,3.699401513,
14,Avocado,Feb,2.240263144,
15,Avocado,Mar,0.614967379,
16,Avocado,Apr,2.665510408,
17,Avocado,May,2.920812211,
18,Avocado,Jun,5.089653254,
19,Avocado,Jul,7.531842361,
20,Avocado,Aug,4.177709976,
21,Avocado,Sep,4.640249881,
22,Avocado,Oct,2.492642749,
23,Avocado,Nov,7.066092558,
24,Avocado,Dec,1.696071756,
25,Banana,Jan,8.371915208,
26,Banana,Feb,3.691370335,
27,Banana,Mar,5.418696194,
28,Banana,Apr,7.807627558,
29,Banana,May,3.553990339,
30,Banana,Jun,5.580506792,
31,Banana,Jul,8.832436379,
32,Banana,Aug,3.639522599,
33,Banana,Sep,7.612323479,
34,Banana,Oct,9.016965729,
35,Banana,Nov,4.688606788,
36,Banana,Dec,3.9220782,
37,Bilberry,Jan,2.57724572,
38,Bilberry,Feb,3.488448752,
39,Bilberry,Mar,5.95815596,
40,Bilberry,Apr,6.148627952,
41,Bilberry,May,5.582467181,
42,Bilberry,Jun,6.908338888,
43,Bilberry,Jul,6.454951372,
44,Bilberry,Aug,4.657822215,
45,Bilberry,Sep,2.488653793,
46,Bilberry,Oct,8.775290536,
47,Bilberry,Nov,6.21576224,
48,Bilberry,Dec,0.848808488,
49,Blackberry,Jan,1.452795511,
50,Blackberry,Feb,4.255162223,
51,Blackberry,Mar,1.536466825,
52,Blackberry,Apr,7.140615515,
53,Blackberry,May,5.459521792,
54,Blackberry,Jun,5.924033779,
55,Blackberry,Jul,6.328186086,
56,Blackberry,Aug,6.843903802,
57,Blackberry,Sep,1.037832244,
58,Blackberry,Oct,7.910238414,
59,Blackberry,Nov,1.068368661,
60,Blackberry,Dec,2.054467479,
61,Blackcurrant,Jan,7.524564227,
62,Blackcurrant,Feb,0.873870646,
63,Blackcurrant,Mar,3.701838339,
64,Blackcurrant,Apr,0.774375827,
65,Blackcurrant,May,4.726417121,
66,Blackcurrant,Jun,6.331111464,
67,Blackcurrant,Jul,1.984539371,
68,Blackcurrant,Aug,3.775360669,
69,Blackcurrant,Sep,1.137281803,
70,Blackcurrant,Oct,1.228233742,
71,Blackcurrant,Nov,5.34631423,
72,Blackcurrant,Dec,4.133395998,
73,Blueberry,Jan,6.998350459,
74,Blueberry,Feb,5.5861563,
75,Blueberry,Mar,6.356087311,
76,Blueberry,Apr,8.525205031,
77,Blueberry,May,0.454469779,
78,Blueberry,Jun,5.190211052,
79,Blueberry,Jul,0.685045396,
80,Blueberry,Aug,6.141316918,
81,Blueberry,Sep,4.719224805,
82,Blueberry,Oct,6.504446155,
83,Blueberry,Nov,1.245473457,
84,Blueberry,Dec,2.318881446,
85,Boysenberry,Jan,8.382084291,
86,Boysenberry,Feb,1.71754526,
87,Boysenberry,Mar,5.294245509,
88,Boysenberry,Apr,8.289204899,
89,Boysenberry,May,1.912417752,
90,Boysenberry,Jun,1.990381109,
91,Boysenberry,Jul,8.522879425,
92,Boysenberry,Aug,2.924399541,
93,Boysenberry,Sep,4.096523097,
94,Boysenberry,Oct,1.432760746,
95,Boysenberry,Nov,4.933096745,
96,Boysenberry,Dec,8.749152339,
97,Currant,Jan,6.38641509,
98,Currant,Feb,3.728638375,
99,Currant,Mar,7.168839802,
100,Currant,Apr,2.507959856,
101,Currant,May,1.574503676,
102,Currant,Jun,7.832070109,
103,Currant,Jul,0.769646883,
104,Currant,Aug,7.395149999,
105,Currant,Sep,4.666749284,
106,Currant,Oct,5.3063855,
107,Currant,Nov,7.613453213,
108,Currant,Dec,5.602043003,
109,Cherry,Jan,3.17160372,
110,Cherry,Feb,4.871036912,
111,Cherry,Mar,8.872327283,
112,Cherry,Apr,5.562312849,
113,Cherry,May,5.618758337,
114,Cherry,Jun,5.648630017,
115,Cherry,Jul,0.240279894,
116,Cherry,Aug,5.069093678,
117,Cherry,Sep,7.178135345,
118,Cherry,Oct,5.545664517,
119,Cherry,Nov,3.960038597,
120,Cherry,Dec,8.635800212,
121,Cherimoya,Jan,3.735656203,
122,Cherimoya,Feb,4.269659373,
123,Cherimoya,Mar,5.616086739,
124,Cherimoya,Apr,4.359277092,
125,Cherimoya,May,7.49773898,
126,Cherimoya,Jun,6.351446854,
127,Cherimoya,Jul,1.825600425,
128,Cherimoya,Aug,0.501535882,
129,Cherimoya,Sep,2.056938489,
130,Cherimoya,Oct,0.374661835,
131,Cherimoya,Nov,8.115656061,
132,Cherimoya,Dec,6.80750668,
133,Chico fruit,Jan,5.538057196,
134,Chico fruit,Feb,0.481675967,
135,Chico fruit,Mar,0.820724862,
136,Chico fruit,Apr,1.141987292,
137,Chico fruit,May,6.00096619,
138,Chico fruit,Jun,6.583698054,
139,Chico fruit,Jul,0.271840456,
140,Chico fruit,Aug,1.549137109,
141,Chico fruit,Sep,8.561346077,
142,Chico fruit,Oct,1.636068268,
143,Chico fruit,Nov,6.390136133,
144,Chico fruit,Dec,0.851530934,
145,Cloudberry,Jan,4.312681277,
146,Cloudberry,Feb,5.462954618,
147,Cloudberry,Mar,6.318998369,
148,Cloudberry,Apr,5.894027521,
149,Cloudberry,May,1.329733979,
150,Cloudberry,Jun,5.753626303,
151,Cloudberry,Jul,9.080962663,
152,Cloudberry,Aug,5.750294704,
153,Cloudberry,Sep,4.892453467,
154,Cloudberry,Oct,3.040306561,
155,Cloudberry,Nov,0.925616222,
156,Cloudberry,Dec,1.835422565,
157,Coconut,Jan,7.657493544,
158,Coconut,Feb,1.232504102,
159,Coconut,Mar,8.947388977,
160,Coconut,Apr,3.480780488,
161,Coconut,May,1.524669445,
162,Coconut,Jun,6.518442017,
163,Coconut,Jul,0.810549206,
164,Coconut,Aug,6.644153565,
165,Coconut,Sep,7.779331571,
166,Coconut,Oct,7.667040801,
167,Coconut,Nov,9.079544771,
168,Coconut,Dec,6.074844719,
169,Cranberry,Jan,4.025907975,
170,Cranberry,Feb,6.961279486,
171,Cranberry,Mar,3.358509381,
172,Cranberry,Apr,8.12775007,
173,Cranberry,May,1.953949243,
174,Cranberry,Jun,1.348584422,
175,Cranberry,Jul,8.028660714,
176,Cranberry,Aug,0.377512962,
177,Cranberry,Sep,2.390239932,
178,Cranberry,Oct,0.759286156,
179,Cranberry,Nov,1.079769738,
180,Cranberry,Dec,6.258407583,
181,Cucumber,Jan,7.155414956,
182,Cucumber,Feb,8.156063394,
183,Cucumber,Mar,6.472162962,
184,Cucumber,Apr,6.66016059,
185,Cucumber,May,7.074958965,
186,Cucumber,Jun,1.579875093,
187,Cucumber,Jul,2.733240843,
188,Cucumber,Aug,0.586470918,
189,Cucumber,Sep,6.514406979,
190,Cucumber,Oct,4.689816568,
191,Cucumber,Nov,1.361877026,
192,Cucumber,Dec,1.740512942,
193,Custard apple,Jan,8.595780598,
194,Custard apple,Feb,3.212469378,
195,Custard apple,Mar,5.941932772,
196,Custard apple,Apr,1.664343003,
197,Custard apple,May,1.076168674,
198,Custard apple,Jun,3.341390249,
199,Custard apple,Jul,7.330376213,
200,Custard apple,Aug,4.653398129,
201,Custard apple,Sep,3.910909028,
202,Custard apple,Oct,1.823342238,
203,Custard apple,Nov,0.937111325,
204,Custard apple,Dec,2.851592049,
205,Damson,Jan,7.889741381,
206,Damson,Feb,4.129478924,
207,Damson,Mar,8.429270331,
208,Damson,Apr,6.33572174,
209,Damson,May,8.782446685,
210,Damson,Jun,3.296099879,
211,Damson,Jul,3.966345815,
212,Damson,Aug,8.82143299,
213,Damson,Sep,0.397936461,
214,Damson,Oct,2.733267929,
215,Damson,Nov,1.159799442,
216,Damson,Dec,8.53979822,
217,Date,Jan,7.104839992,
218,Date,Feb,8.232411064,
219,Date,Mar,4.665262666,
220,Date,Apr,3.384841738,
221,Date,May,0.589420803,
222,Date,Jun,0.889062116,
223,Date,Jul,2.929139468,
224,Date,Aug,2.367751453,
225,Date,Sep,5.749862596,
226,Date,Oct,2.14817511,
227,Date,Nov,8.665505972,
228,Date,Dec,8.987346262,
229,Dragonfruit,Jan,2.079966636,
230,Dragonfruit,Feb,3.099366527,
231,Dragonfruit,Mar,4.887285241,
232,Dragonfruit,Apr,1.448374736,
233,Dragonfruit,May,5.028878053,
234,Dragonfruit,Jun,5.040569192,
235,Dragonfruit,Jul,3.802776787,
236,Dragonfruit,Aug,3.248457651,
237,Dragonfruit,Sep,0.847387068,
238,Dragonfruit,Oct,5.122494356,
239,Dragonfruit,Nov,2.585729858,
240,Dragonfruit,Dec,8.249743308,
241,Durian,Jan,5.49294663,
242,Durian,Feb,2.039153625,
243,Durian,Mar,4.128583441,
244,Durian,Apr,3.000292679,
245,Durian,May,5.336095551,
246,Durian,Jun,6.345511291,
247,Durian,Jul,7.835505566,
248,Durian,Aug,7.763738629,
249,Durian,Sep,7.652597768,
250,Durian,Oct,1.719421188,
251,Durian,Nov,7.43168551,
252,Durian,Dec,8.222398593,
253,Elderberry,Jan,4.359041901,
254,Elderberry,Feb,2.00337758,
255,Elderberry,Mar,2.308191089,
256,Elderberry,Apr,5.852416413,
257,Elderberry,May,7.122614082,
258,Elderberry,Jun,1.932897166,
259,Elderberry,Jul,3.820331309,
260,Elderberry,Aug,6.055018311,
261,Elderberry,Sep,0.493999733,
262,Elderberry,Oct,4.799464457,
263,Elderberry,Nov,0.6968412,
264,Elderberry,Dec,5.686126826,
265,Feijoa,Jan,0.235266639,
266,Feijoa,Feb,2.149164478,
267,Feijoa,Mar,7.515680676,
268,Feijoa,Apr,4.061358566,
269,Feijoa,May,5.434655527,
270,Feijoa,Jun,6.40180548,
271,Feijoa,Jul,1.206269215,
272,Feijoa,Aug,5.99473783,
273,Feijoa,Sep,4.49004835,
274,Feijoa,Oct,6.249873899,
275,Feijoa,Nov,6.378216844,
276,Feijoa,Dec,3.13754452,
277,Fig,Jan,8.51033363,
278,Fig,Feb,7.715320485,
279,Fig,Mar,7.678718298,
280,Fig,Apr,2.587747978,
281,Fig,May,7.767237678,
282,Fig,Jun,5.745484335,
283,Fig,Jul,7.949123562,
284,Fig,Aug,5.969527994,
285,Fig,Sep,8.630502701,
286,Fig,Oct,4.811234312,
287,Fig,Nov,6.096343728,
288,Fig,Dec,4.233269176,
289,Goji berry,Jan,8.379277841,
290,Goji berry,Feb,6.756245006,
291,Goji berry,Mar,5.950146927,
292,Goji berry,Apr,0.482325742,
293,Goji berry,May,4.371660634,
294,Goji berry,Jun,5.712509509,
295,Goji berry,Jul,6.733441022,
296,Goji berry,Aug,3.307342681,
297,Goji berry,Sep,5.049932669,
298,Goji berry,Oct,7.475461547,
299,Goji berry,Nov,1.930267409,
300,Goji berry,Dec,1.301146045,
301,Gooseberry,Jan,1.751186951,
302,Gooseberry,Feb,1.166152997,
303,Gooseberry,Mar,1.825197983,
304,Gooseberry,Apr,3.635515327,
305,Gooseberry,May,7.410240696,
306,Gooseberry,Jun,1.705127893,
307,Gooseberry,Jul,1.350311786,
308,Gooseberry,Aug,7.049917898,
309,Gooseberry,Sep,0.200101083,
310,Gooseberry,Oct,6.280450119,
311,Gooseberry,Nov,7.414733997,
312,Gooseberry,Dec,3.898390991,
313,Grape,Jan,1.524100196,
314,Grape,Feb,5.076379959,
315,Grape,Mar,0.366907383,
316,Grape,Apr,4.186481499,
317,Grape,May,3.866029371,
318,Grape,Jun,5.721032381,
319,Grape,Jul,1.221268809,
320,Grape,Aug,5.24506005,
321,Grape,Sep,8.835676846,
322,Grape,Oct,8.371677549,
323,Grape,Nov,7.7814501,
324,Grape,Dec,3.02411074,
325,Raisin,Jan,1.673870815,
326,Raisin,Feb,2.303127762,
327,Raisin,Mar,8.231190382,
328,Raisin,Apr,8.342198164,
329,Raisin,May,7.363984409,
330,Raisin,Jun,7.071954017,
331,Raisin,Jul,1.495864322,
332,Raisin,Aug,0.305690014,
333,Raisin,Sep,4.887902628,
334,Raisin,Oct,1.233170245,
335,Raisin,Nov,4.485192025,
336,Raisin,Dec,8.816507753,
337,Grapefruit,Jan,1.628831077,
338,Grapefruit,Feb,7.853561718,
339,Grapefruit,Mar,3.545688544,
340,Grapefruit,Apr,4.597826203,
341,Grapefruit,May,1.899874907,
342,Grapefruit,Jun,8.293525197,
343,Grapefruit,Jul,6.75975878,
344,Grapefruit,Aug,0.545835237,
345,Grapefruit,Sep,0.358385142,
346,Grapefruit,Oct,3.214299414,
347,Grapefruit,Nov,2.4523158,
348,Grapefruit,Dec,1.924057826,
349,Guava,Jan,3.500030588,
350,Guava,Feb,2.16015468,
351,Guava,Mar,7.242070075,
352,Guava,Apr,3.087252016,
353,Guava,May,3.96604393,
354,Guava,Jun,2.438518229,
355,Guava,Jul,3.044483539,
356,Guava,Aug,4.729957532,
357,Guava,Sep,1.534773644,
358,Guava,Oct,0.614894721,
359,Guava,Nov,5.817473898,
360,Guava,Dec,2.508078237,
361,Honeyberry,Jan,1.502673721,
362,Honeyberry,Feb,2.173612439,
363,Honeyberry,Mar,4.780219188,
364,Honeyberry,Apr,4.381403617,
365,Honeyberry,May,0.126584943,
366,Honeyberry,Jun,3.80798316,
367,Honeyberry,Jul,3.794805077,
368,Honeyberry,Aug,4.993380668,
369,Honeyberry,Sep,5.979302965,
370,Honeyberry,Oct,3.937865369,
371,Honeyberry,Nov,5.912449735,
372,Honeyberry,Dec,1.825315497,
373,Huckleberry,Jan,3.670052627,
374,Huckleberry,Feb,4.024630399,
375,Huckleberry,Mar,9.077574768,
376,Huckleberry,Apr,7.335716966,
377,Huckleberry,May,5.52215211,
378,Huckleberry,Jun,8.933344358,
379,Huckleberry,Jul,6.157857538,
380,Huckleberry,Aug,7.187864122,
381,Huckleberry,Sep,7.928583976,
382,Huckleberry,Oct,8.61793072,
383,Huckleberry,Nov,2.206120765,
384,Huckleberry,Dec,2.233110065,
385,Jabuticaba,Jan,1.314731659,
386,Jabuticaba,Feb,6.808649323,
387,Jabuticaba,Mar,3.056610048,
388,Jabuticaba,Apr,2.574626053,
389,Jabuticaba,May,3.851943415,
390,Jabuticaba,Jun,6.987255936,
391,Jabuticaba,Jul,1.395058028,
392,Jabuticaba,Aug,2.518504532,
393,Jabuticaba,Sep,5.18268364,
394,Jabuticaba,Oct,3.582725917,
395,Jabuticaba,Nov,4.006329901,
396,Jabuticaba,Dec,7.481043002,
397,Jackfruit,Jan,6.904090389,
398,Jackfruit,Feb,2.989155918,
399,Jackfruit,Mar,0.136182447,
400,Jackfruit,Apr,3.895943408,
401,Jackfruit,May,6.469934031,
402,Jackfruit,Jun,3.051666154,
403,Jackfruit,Jul,8.241497141,
404,Jackfruit,Aug,7.556137168,
405,Jackfruit,Sep,8.99003053,
406,Jackfruit,Oct,2.238573389,
407,Jackfruit,Nov,2.515477118,
408,Jackfruit,Dec,7.018734564,
409,Jambul,Jan,2.365158939,
410,Jambul,Feb,3.249566914,
411,Jambul,Mar,5.276522532,
412,Jambul,Apr,4.077416819,
413,Jambul,May,8.949208615,
414,Jambul,Jun,0.105976536,
415,Jambul,Jul,8.999747723,
416,Jambul,Aug,3.71245242,
417,Jambul,Sep,8.757163989,
418,Jambul,Oct,1.431325711,
419,Jambul,Nov,2.543302111,
420,Jambul,Dec,0.466542098,
421,Jujube,Jan,3.042867085,
422,Jujube,Feb,1.589016415,
423,Jujube,Mar,5.253807136,
424,Jujube,Apr,3.938816797,
425,Jujube,May,3.68826498,
426,Jujube,Jun,2.241636577,
427,Jujube,Jul,7.79199011,
428,Jujube,Aug,5.153138285,
429,Jujube,Sep,5.733325992,
430,Jujube,Oct,4.056019718,
431,Jujube,Nov,8.446355246,
432,Jujube,Dec,8.871261489,
433,JuniperBerry,Jan,8.239024174,
434,JuniperBerry,Feb,1.341972581,
435,JuniperBerry,Mar,5.599254098,
436,JuniperBerry,Apr,6.233714649,
437,JuniperBerry,May,6.830848828,
438,JuniperBerry,Jun,2.167528162,
439,JuniperBerry,Jul,0.10369445,
440,JuniperBerry,Aug,5.566883992,
441,JuniperBerry,Sep,1.982081645,
442,JuniperBerry,Oct,3.435701706,
443,JuniperBerry,Nov,8.052133722,
444,JuniperBerry,Dec,4.685744806,
445,Kiwano,Jan,0.456481683,
446,Kiwano,Feb,6.544494452,
447,Kiwano,Mar,4.719720038,
448,Kiwano,Apr,2.275539818,
449,Kiwano,May,6.171564117,
450,Kiwano,Jun,4.731680595,
451,Kiwano,Jul,6.820422124,
452,Kiwano,Aug,3.087554431,
453,Kiwano,Sep,8.598761015,
454,Kiwano,Oct,6.991461088,
455,Kiwano,Nov,1.02318637,
456,Kiwano,Dec,2.212012955,
457,Kiwifruit,Jan,4.354924164,
458,Kiwifruit,Feb,8.781055165,
459,Kiwifruit,Mar,3.674948266,
460,Kiwifruit,Apr,2.877133576,
461,Kiwifruit,May,7.706803894,
462,Kiwifruit,Jun,6.803565095,
463,Kiwifruit,Jul,5.372442727,
464,Kiwifruit,Aug,0.583093626,
465,Kiwifruit,Sep,0.882526927,
466,Kiwifruit,Oct,4.55174026,
467,Kiwifruit,Nov,8.946733786,
468,Kiwifruit,Dec,1.373171312,
469,Kumquat,Jan,8.068649653,
470,Kumquat,Feb,7.686320149,
471,Kumquat,Mar,3.13002569,
472,Kumquat,Apr,2.666698665,
473,Kumquat,May,2.614158678,
474,Kumquat,Jun,0.815582929,
475,Kumquat,Jul,6.304494383,
476,Kumquat,Aug,3.956582445,
477,Kumquat,Sep,7.821069528,
478,Kumquat,Oct,0.867249443,
479,Kumquat,Nov,7.041478554,
480,Kumquat,Dec,8.38046228,
481,Lemon,Jan,1.317736188,
482,Lemon,Feb,7.214561893,
483,Lemon,Mar,4.17335806,
484,Lemon,Apr,8.569954021,
485,Lemon,May,7.10704557,
486,Lemon,Jun,0.941575211,
487,Lemon,Jul,5.831049411,
488,Lemon,Aug,2.993415897,
489,Lemon,Sep,0.708767873,
490,Lemon,Oct,5.388682593,
491,Lemon,Nov,4.547797949,
492,Lemon,Dec,3.052327053,
493,Lime,Jan,5.334971976,
494,Lime,Feb,5.401797346,
495,Lime,Mar,8.935219916,
496,Lime,Apr,1.840575467,
497,Lime,May,5.674503129,
498,Lime,Jun,1.379697583,
499,Lime,Jul,3.542557525,
500,Lime,Aug,8.547657337,
501,Lime,Sep,1.451016579,
502,Lime,Oct,1.681666334,
503,Lime,Nov,8.064566009,
504,Lime,Dec,7.725030437,
505,Loquat,Jan,6.191345957,
506,Loquat,Feb,8.364686678,
507,Loquat,Mar,6.277791122,
508,Loquat,Apr,3.264154661,
509,Loquat,May,8.385667082,
510,Loquat,Jun,2.218286672,
511,Loquat,Jul,1.824614312,
512,Loquat,Aug,0.329514161,
513,Loquat,Sep,5.456587476,
514,Loquat,Oct,3.373273656,
515,Loquat,Nov,0.798010901,
516,Loquat,Dec,0.386827511,
517,Longan,Jan,8.980948764,
518,Longan,Feb,3.202619229,
519,Longan,Mar,1.688976996,
520,Longan,Apr,5.410403931,
521,Longan,May,8.575053686,
522,Longan,Jun,4.596782939,
523,Longan,Jul,0.697646333,
524,Longan,Aug,9.06490908,
525,Longan,Sep,3.674544791,
526,Longan,Oct,3.635663749,
527,Longan,Nov,7.906749519,
528,Longan,Dec,6.208953921,
529,Lychee,Jan,6.056108833,
530,Lychee,Feb,8.594717725,
531,Lychee,Mar,0.67657117,
532,Lychee,Apr,3.545983226,
533,Lychee,May,1.568065302,
534,Lychee,Jun,5.646559586,
535,Lychee,Jul,8.467298576,
536,Lychee,Aug,5.266658189,
537,Lychee,Sep,2.256041175,
538,Lychee,Oct,6.388606915,
539,Lychee,Nov,6.327435331,
540,Lychee,Dec,8.320134183,
541,Mango,Jan,4.881288531,
542,Mango,Feb,2.383280127,
543,Mango,Mar,1.801428816,
544,Mango,Apr,2.7306129,
545,Mango,May,1.564268352,
546,Mango,Jun,5.797435687,
547,Mango,Jul,0.501491409,
548,Mango,Aug,4.575769308,
549,Mango,Sep,3.582984176,
550,Mango,Oct,6.523744107,
551,Mango,Nov,0.536902888,
552,Mango,Dec,0.614024257,
553,Mangosteen,Jan,8.707431967,
554,Mangosteen,Feb,8.919504205,
555,Mangosteen,Mar,5.307763784,
556,Mangosteen,Apr,7.872800928,
557,Mangosteen,May,4.22049804,
558,Mangosteen,Jun,5.951437958,
559,Mangosteen,Jul,7.108731896,
560,Mangosteen,Aug,6.206460433,
561,Mangosteen,Sep,3.892824269,
562,Mangosteen,Oct,8.301159659,
563,Mangosteen,Nov,6.315407751,
564,Mangosteen,Dec,2.504553786,
565,Marionberry,Jan,3.225070582,
566,Marionberry,Feb,3.367362408,
567,Marionberry,Mar,6.743452113,
568,Marionberry,Apr,4.846748815,
569,Marionberry,May,6.925086366,
570,Marionberry,Jun,4.054471294,
571,Marionberry,Jul,5.783455126,
572,Marionberry,Aug,3.551075893,
573,Marionberry,Sep,2.515251786,
574,Marionberry,Oct,7.961413765,
575,Marionberry,Nov,1.37407066,
576,Marionberry,Dec,2.759977306,
577,Melon,Jan,3.872233946,
578,Melon,Feb,0.175435608,
579,Melon,Mar,2.757487277,
580,Melon,Apr,4.112624324,
581,Melon,May,2.934251915,
582,Melon,Jun,6.616686053,
583,Melon,Jul,3.048421388,
584,Melon,Aug,7.75029788,
585,Melon,Sep,8.962972652,
586,Melon,Oct,8.382056527,
587,Melon,Nov,5.127997058,
588,Melon,Dec,3.220932276,
589,Cantaloupe,Jan,8.045147468,
590,Cantaloupe,Feb,7.168196235,
591,Cantaloupe,Mar,6.165576925,
592,Cantaloupe,Apr,3.190170406,
593,Cantaloupe,May,0.132397525,
594,Cantaloupe,Jun,7.345343347,
595,Cantaloupe,Jul,2.14273051,
596,Cantaloupe,Aug,1.686154598,
597,Cantaloupe,Sep,5.990399042,
598,Cantaloupe,Oct,6.593671289,
599,Cantaloupe,Nov,6.152352445,
600,Cantaloupe,Dec,0.310115292,
601,Honeydew,Jan,5.137043787,
602,Honeydew,Feb,6.144678797,
603,Honeydew,Mar,4.033268677,
604,Honeydew,Apr,6.601470979,
605,Honeydew,May,7.577766782,
606,Honeydew,Jun,2.686171609,
607,Honeydew,Jul,2.403161897,
608,Honeydew,Aug,4.458153663,
609,Honeydew,Sep,7.496281924,
610,Honeydew,Oct,0.808511182,
611,Honeydew,Nov,1.24984178,
612,Honeydew,Dec,0.771560642,
613,Watermelon,Jan,1.070108887,
614,Watermelon,Feb,1.257452011,
615,Watermelon,Mar,8.251538262,
616,Watermelon,Apr,8.424614764,
617,Watermelon,May,4.267717257,
618,Watermelon,Jun,4.520941149,
619,Watermelon,Jul,4.003753344,
620,Watermelon,Aug,0.826356634,
621,Watermelon,Sep,7.93516113,
622,Watermelon,Oct,2.554733311,
623,Watermelon,Nov,8.763247356,
624,Watermelon,Dec,7.271061028,
625,Miracle fruit,Jan,5.754539043,
626,Miracle fruit,Feb,4.445585551,
627,Miracle fruit,Mar,3.744799372,
628,Miracle fruit,Apr,1.122884342,
629,Miracle fruit,May,1.547773568,
630,Miracle fruit,Jun,8.495774988,
631,Miracle fruit,Jul,7.6830177,
632,Miracle fruit,Aug,4.988801559,
633,Miracle fruit,Sep,1.055083112,
634,Miracle fruit,Oct,5.024607214,
635,Miracle fruit,Nov,0.379462134,
636,Miracle fruit,Dec,0.949874074,
637,Mulberry,Jan,5.871955167,
638,Mulberry,Feb,3.762694091,
639,Mulberry,Mar,7.256170876,
640,Mulberry,Apr,5.007954731,
641,Mulberry,May,6.183377901,
642,Mulberry,Jun,7.919590378,
643,Mulberry,Jul,3.728735997,
644,Mulberry,Aug,2.728348498,
645,Mulberry,Sep,4.797910695,
646,Mulberry,Oct,7.215352863,
647,Mulberry,Nov,2.464491967,
648,Mulberry,Dec,4.228707676,
649,Nectarine,Jan,5.662771571,
650,Nectarine,Feb,8.042748085,
651,Nectarine,Mar,7.987766013,
652,Nectarine,Apr,2.135333907,
653,Nectarine,May,1.939970664,
654,Nectarine,Jun,0.813889817,
655,Nectarine,Jul,7.115533582,
656,Nectarine,Aug,2.75066742,
657,Nectarine,Sep,5.747036409,
658,Nectarine,Oct,8.807173621,
659,Nectarine,Nov,0.41530644,
660,Nectarine,Dec,8.146731959,
661,Nance,Jan,4.261322646,
662,Nance,Feb,8.496788637,
663,Nance,Mar,6.352398966,
664,Nance,Apr,8.075027473,
665,Nance,May,3.193610258,
666,Nance,Jun,6.892740488,
667,Nance,Jul,7.150031659,
668,Nance,Aug,4.049570958,
669,Nance,Sep,4.626350712,
670,Nance,Oct,4.199292652,
671,Nance,Nov,2.873447312,
672,Nance,Dec,4.409718548,
673,Olive,Jan,2.868838965,
674,Olive,Feb,0.29311441,
675,Olive,Mar,1.306433732,
676,Olive,Apr,0.489475095,
677,Olive,May,6.682710648,
678,Olive,Jun,0.366176852,
679,Olive,Jul,8.759304556,
680,Olive,Aug,4.668475258,
681,Olive,Sep,1.504149563,
682,Olive,Oct,7.809506633,
683,Olive,Nov,0.851232441,
684,Olive,Dec,8.185725298,
685,Orange,Jan,5.931965176,
686,Orange,Feb,6.976843386,
687,Orange,Mar,8.31991415,
688,Orange,Apr,1.73426311,
689,Orange,May,2.911032828,
690,Orange,Jun,2.074344642,
691,Orange,Jul,5.483703039,
692,Orange,Aug,0.987628991,
693,Orange,Sep,3.97032888,
694,Orange,Oct,2.89674727,
695,Orange,Nov,7.065499486,
696,Orange,Dec,4.831443581,
697,Blood orange,Jan,0.204029625,
698,Blood orange,Feb,4.333893209,
699,Blood orange,Mar,2.414534959,
700,Blood orange,Apr,5.17850834,
701,Blood orange,May,8.753736451,
702,Blood orange,Jun,6.473837684,
703,Blood orange,Jul,7.860894215,
704,Blood orange,Aug,5.441366577,
705,Blood orange,Sep,0.414054545,
706,Blood orange,Oct,2.75397597,
707,Blood orange,Nov,7.809729465,
708,Blood orange,Dec,1.789665723,
709,Clementine,Jan,8.356296551,
710,Clementine,Feb,8.746752434,
711,Clementine,Mar,3.643560565,
712,Clementine,Apr,3.731108469,
713,Clementine,May,6.26047081,
714,Clementine,Jun,6.431011252,
715,Clementine,Jul,4.504425959,
716,Clementine,Aug,8.416746123,
717,Clementine,Sep,3.221392355,
718,Clementine,Oct,7.368385673,
719,Clementine,Nov,1.582440523,
720,Clementine,Dec,7.652291129,
721,Mandarine,Jan,4.90110984,
722,Mandarine,Feb,4.849405817,
723,Mandarine,Mar,5.37215584,
724,Mandarine,Apr,4.304731592,
725,Mandarine,May,7.718260464,
726,Mandarine,Jun,6.995698471,
727,Mandarine,Jul,4.547584046,
728,Mandarine,Aug,1.074806192,
729,Mandarine,Sep,1.841987141,
730,Mandarine,Oct,2.529223379,
731,Mandarine,Nov,2.312699596,
732,Mandarine,Dec,2.181703085,
733,Tangerine,Jan,4.524757825,
734,Tangerine,Feb,5.862009222,
735,Tangerine,Mar,7.621906716,
736,Tangerine,Apr,1.68362467,
737,Tangerine,May,1.160221205,
738,Tangerine,Jun,6.570068819,
739,Tangerine,Jul,4.172456165,
740,Tangerine,Aug,8.879977059,
741,Tangerine,Sep,8.750760436,
742,Tangerine,Oct,6.841908191,
743,Tangerine,Nov,9.0497074,
744,Tangerine,Dec,8.069247763,
745,Papaya,Jan,3.812968048,
746,Papaya,Feb,4.472662051,
747,Papaya,Mar,4.688797557,
748,Papaya,Apr,1.563484635,
749,Papaya,May,1.566427667,
750,Papaya,Jun,8.176022646,
751,Papaya,Jul,0.955509847,
752,Papaya,Aug,1.517983836,
753,Papaya,Sep,4.435962101,
754,Papaya,Oct,8.065540095,
755,Papaya,Nov,8.635217633,
756,Papaya,Dec,2.138189909,
757,Passionfruit,Jan,8.109901472,
758,Passionfruit,Feb,8.284019599,
759,Passionfruit,Mar,8.614300242,
760,Passionfruit,Apr,1.14634286,
761,Passionfruit,May,5.943704048,
762,Passionfruit,Jun,3.130044116,
763,Passionfruit,Jul,7.576864231,
764,Passionfruit,Aug,7.95924354,
765,Passionfruit,Sep,0.668014533,
766,Passionfruit,Oct,3.907661486,
767,Passionfruit,Nov,1.55137825,
768,Passionfruit,Dec,6.988709908,
769,Peach,Jan,6.701225458,
770,Peach,Feb,0.518990971,
771,Peach,Mar,4.539628744,
772,Peach,Apr,6.447447818,
773,Peach,May,3.33629629,
774,Peach,Jun,8.510730366,
775,Peach,Jul,2.48145455,
776,Peach,Aug,3.072408244,
777,Peach,Sep,2.390414017,
778,Peach,Oct,4.808537027,
779,Peach,Nov,8.878661107,
780,Peach,Dec,8.889209244,
781,Pear,Jan,2.152046433,
782,Pear,Feb,0.709097418,
783,Pear,Mar,0.197659988,
784,Pear,Apr,1.085986793,
785,Pear,May,0.874882948,
786,Pear,Jun,5.306471718,
787,Pear,Jul,1.497720521,
788,Pear,Aug,7.640955263,
789,Pear,Sep,7.478942384,
790,Pear,Oct,7.629251173,
791,Pear,Nov,0.324394519,
792,Pear,Dec,4.669933462,
793,Persimmon,Jan,1.537574277,
794,Persimmon,Feb,3.746939391,
795,Persimmon,Mar,9.00760385,
796,Persimmon,Apr,2.15923948,
797,Persimmon,May,0.228626942,
798,Persimmon,Jun,1.292444139,
799,Persimmon,Jul,4.164324499,
800,Persimmon,Aug,2.399609668,
801,Persimmon,Sep,2.599509831,
802,Persimmon,Oct,5.493520294,
803,Persimmon,Nov,0.79872198,
804,Persimmon,Dec,1.218482717,
805,Physalis,Jan,2.573482091,
806,Physalis,Feb,2.864191958,
807,Physalis,Mar,2.203274709,
808,Physalis,Apr,1.707967837,
809,Physalis,May,0.942224142,
810,Physalis,Jun,0.594025042,
811,Physalis,Jul,0.991530588,
812,Physalis,Aug,8.803487501,
813,Physalis,Sep,1.201430273,
814,Physalis,Oct,2.279104159,
815,Physalis,Nov,2.634146063,
816,Physalis,Dec,0.408441269,
817,Plantain,Jan,1.693789381,
818,Plantain,Feb,7.8881847,
819,Plantain,Mar,0.665387836,
820,Plantain,Apr,8.670229861,
821,Plantain,May,1.299897478,
822,Plantain,Jun,4.511947677,
823,Plantain,Jul,3.386424092,
824,Plantain,Aug,8.459222389,
825,Plantain,Sep,5.393835743,
826,Plantain,Oct,0.778607223,
827,Plantain,Nov,3.327251338,
828,Plantain,Dec,6.771885747,
829,Plum,Jan,2.614912631,
830,Plum,Feb,6.852932853,
831,Plum,Mar,0.347306203,
832,Plum,Apr,0.925202758,
833,Plum,May,7.307499636,
834,Plum,Jun,1.1874309,
835,Plum,Jul,1.717584101,
836,Plum,Aug,2.163469371,
837,Plum,Sep,2.098083178,
838,Plum,Oct,2.506686753,
839,Plum,Nov,4.218592887,
840,Plum,Dec,6.570687594,
841,Prune,Jan,6.972787365,
842,Prune,Feb,8.251185227,
843,Prune,Mar,0.610009368,
844,Prune,Apr,1.641621658,
845,Prune,May,1.749719817,
846,Prune,Jun,8.884433982,
847,Prune,Jul,6.276936205,
848,Prune,Aug,4.28520583,
849,Prune,Sep,6.945313134,
850,Prune,Oct,4.667211903,
851,Prune,Nov,1.504051339,
852,Prune,Dec,2.412000546,
853,Pineapple,Jan,7.506271963,
854,Pineapple,Feb,0.124909135,
855,Pineapple,Mar,1.163693047,
856,Pineapple,Apr,7.422485126,
857,Pineapple,May,6.572677877,
858,Pineapple,Jun,4.069259562,
859,Pineapple,Jul,2.55751336,
860,Pineapple,Aug,6.117744359,
861,Pineapple,Sep,8.685432839,
862,Pineapple,Oct,7.164502573,
863,Pineapple,Nov,6.836570071,
864,Pineapple,Dec,4.033275201,
865,Plumcot,Jan,6.29322776,
866,Plumcot,Feb,6.910748487,
867,Plumcot,Mar,6.354453795,
868,Plumcot,Apr,6.451587732,
869,Plumcot,May,5.861094366,
870,Plumcot,Jun,2.986580183,
871,Plumcot,Jul,6.310331406,
872,Plumcot,Aug,4.72452046,
873,Plumcot,Sep,3.019952707,
874,Plumcot,Oct,1.284619437,
875,Plumcot,Nov,1.069862578,
876,Plumcot,Dec,1.072942447,
877,Pomegranate,Jan,0.998938723,
878,Pomegranate,Feb,8.729166526,
879,Pomegranate,Mar,8.371112882,
880,Pomegranate,Apr,1.67664526,
881,Pomegranate,May,0.507762828,
882,Pomegranate,Jun,7.291431474,
883,Pomegranate,Jul,4.151312644,
884,Pomegranate,Aug,1.63551033,
885,Pomegranate,Sep,1.580087357,
886,Pomegranate,Oct,3.187900955,
887,Pomegranate,Nov,1.811206155,
888,Pomegranate,Dec,8.08602438,
889,Pomelo,Jan,6.576799458,
890,Pomelo,Feb,5.893959582,
891,Pomelo,Mar,1.989306253,
892,Pomelo,Apr,2.32638345,
893,Pomelo,May,8.037744501,
894,Pomelo,Jun,2.556716888,
895,Pomelo,Jul,3.014422953,
896,Pomelo,Aug,7.02493703,
897,Pomelo,Sep,4.186163146,
898,Pomelo,Oct,4.562244258,
899,Pomelo,Nov,0.142903562,
900,Pomelo,Dec,8.406092936,
901,PurpleMangosteen,Jan,5.884828058,
902,PurpleMangosteen,Feb,1.769314269,
903,PurpleMangosteen,Mar,0.849816228,
904,PurpleMangosteen,Apr,8.426958279,
905,PurpleMangosteen,May,2.681123117,
906,PurpleMangosteen,Jun,0.384853055,
907,PurpleMangosteen,Jul,4.939191823,
908,PurpleMangosteen,Aug,2.017783559,
909,PurpleMangosteen,Sep,6.580675529,
910,PurpleMangosteen,Oct,3.003917954,
911,PurpleMangosteen,Nov,7.15860486,
912,PurpleMangosteen,Dec,1.929094628,
913,Quince,Jan,4.160635053,
914,Quince,Feb,3.855731256,
915,Quince,Mar,8.57155049,
916,Quince,Apr,5.591324826,
917,Quince,May,8.244849807,
918,Quince,Jun,1.961410619,
919,Quince,Jul,5.944003362,
920,Quince,Aug,0.423936481,
921,Quince,Sep,1.221331189,
922,Quince,Oct,4.346325016,
923,Quince,Nov,8.183450203,
924,Quince,Dec,2.94868564,
925,Raspberry,Jan,6.945235015,
926,Raspberry,Feb,5.552885703,
927,Raspberry,Mar,7.211322663,
928,Raspberry,Apr,4.565050074,
929,Raspberry,May,0.15251338,
930,Raspberry,Jun,7.004286961,
931,Raspberry,Jul,6.410691118,
932,Raspberry,Aug,7.611038101,
933,Raspberry,Sep,8.129816751,
934,Raspberry,Oct,8.612749712,
935,Raspberry,Nov,6.006110466,
936,Raspberry,Dec,5.38575901,
937,Salmonberry,Jan,2.236271087,
938,Salmonberry,Feb,2.43701097,
939,Salmonberry,Mar,7.592185755,
940,Salmonberry,Apr,9.062672693,
941,Salmonberry,May,3.420385311,
942,Salmonberry,Jun,2.64691675,
943,Salmonberry,Jul,3.56758575,
944,Salmonberry,Aug,1.312152431,
945,Salmonberry,Sep,2.791869113,
946,Salmonberry,Oct,3.196447472,
947,Salmonberry,Nov,4.00229137,
948,Salmonberry,Dec,4.406807449,
949,Rambutan,Jan,5.805811312,
950,Rambutan,Feb,5.985891823,
951,Rambutan,Mar,6.356441212,
952,Rambutan,Apr,9.037222368,
953,Rambutan,May,6.426051816,
954,Rambutan,Jun,9.02188522,
955,Rambutan,Jul,2.972524721,
956,Rambutan,Aug,3.459790891,
957,Rambutan,Sep,6.143927646,
958,Rambutan,Oct,4.680222616,
959,Rambutan,Nov,3.002335474,
960,Rambutan,Dec,7.207951134,
961,Redcurrant,Jan,2.784135346,
962,Redcurrant,Feb,1.573047989,
963,Redcurrant,Mar,3.657875239,
964,Redcurrant,Apr,0.769723691,
965,Redcurrant,May,2.92368933,
966,Redcurrant,Jun,6.629594958,
967,Redcurrant,Jul,1.799118623,
968,Redcurrant,Aug,5.149464588,
969,Redcurrant,Sep,0.762696266,
970,Redcurrant,Oct,1.31539749,
971,Redcurrant,Nov,3.435330909,
972,Redcurrant,Dec,6.503374986,
973,Salal berry,Jan,3.57263702,
974,Salal berry,Feb,1.619812074,
975,Salal berry,Mar,2.227314788,
976,Salal berry,Apr,4.632106368,
977,Salal berry,May,7.877122777,
978,Salal berry,Jun,5.572553559,
979,Salal berry,Jul,7.850984093,
980,Salal berry,Aug,4.169318481,
981,Salal berry,Sep,7.544581393,
982,Salal berry,Oct,0.703025689,
983,Salal berry,Nov,0.580659625,
984,Salal berry,Dec,2.410221869,
985,Salak,Jan,8.198161558,
986,Salak,Feb,4.603871491,
987,Salak,Mar,1.069429996,
988,Salak,Apr,1.137210871,
989,Salak,May,7.785041218,
990,Salak,Jun,0.647344477,
991,Salak,Jul,5.085181719,
992,Salak,Aug,2.105040743,
993,Salak,Sep,2.418596637,
994,Salak,Oct,0.516951873,
995,Salak,Nov,8.139768846,
996,Salak,Dec,5.087292671,
997,Satsuma,Jan,5.358188404,
998,Satsuma,Feb,7.886067074,
999,Satsuma,Mar,8.236219184,
1000,Satsuma,Apr,0.452368119,
1001,Satsuma,May,2.814840384,
1002,Satsuma,Jun,0.635753703,
1003,Satsuma,Jul,1.367884308,
1004,Satsuma,Aug,0.890964529,
1005,Satsuma,Sep,7.229353086,
1006,Satsuma,Oct,4.586002625,
1007,Satsuma,Nov,6.561029427,
1008,Satsuma,Dec,6.449632395,
1009,Soursop,Jan,5.197334467,
1010,Soursop,Feb,2.783979677,
1011,Soursop,Mar,6.641275689,
1012,Soursop,Apr,6.644216409,
1013,Soursop,May,1.13093786,
1014,Soursop,Jun,0.944358902,
1015,Soursop,Jul,6.793108779,
1016,Soursop,Aug,6.915016625,
1017,Soursop,Sep,6.582255014,
1018,Soursop,Oct,2.713476322,
1019,Soursop,Nov,2.356457398,
1020,Soursop,Dec,3.07035832,
1021,Star fruit,Jan,6.465027687,
1022,Star fruit,Feb,1.494904874,
1023,Star fruit,Mar,1.669840709,
1024,Star fruit,Apr,3.385990186,
1025,Star fruit,May,7.326544676,
1026,Star fruit,Jun,7.697351434,
1027,Star fruit,Jul,2.34646634,
1028,Star fruit,Aug,8.401814034,
1029,Star fruit,Sep,2.498126355,
1030,Star fruit,Oct,4.219673218,
1031,Star fruit,Nov,4.890178991,
1032,Star fruit,Dec,7.206854371,
1033,SolanumQuitoense,Jan,4.125576806,
1034,SolanumQuitoense,Feb,5.53408392,
1035,SolanumQuitoense,Mar,6.874296002,
1036,SolanumQuitoense,Apr,3.095499687,
1037,SolanumQuitoense,May,5.038552126,
1038,SolanumQuitoense,Jun,8.742051795,
1039,SolanumQuitoense,Jul,8.158503891,
1040,SolanumQuitoense,Aug,4.824330367,
1041,SolanumQuitoense,Sep,1.277774916,
1042,SolanumQuitoense,Oct,7.616670967,
1043,SolanumQuitoense,Nov,2.464788497,
1044,SolanumQuitoense,Dec,5.262767716,
1045,Strawberry,Jan,8.036320168,
1046,Strawberry,Feb,1.997317464,
1047,Strawberry,Mar,1.299770892,
1048,Strawberry,Apr,6.784166683,
1049,Strawberry,May,2.681803233,
1050,Strawberry,Jun,8.826374258,
1051,Strawberry,Jul,5.797165983,
1052,Strawberry,Aug,3.803903754,
1053,Strawberry,Sep,6.671191015,
1054,Strawberry,Oct,3.171373425,
1055,Strawberry,Nov,2.242620718,
1056,Strawberry,Dec,3.275295805,
1057,Tamarillo,Jan,0.137158476,
1058,Tamarillo,Feb,5.236264629,
1059,Tamarillo,Mar,8.558742227,
1060,Tamarillo,Apr,3.275760026,
1061,Tamarillo,May,1.757355344,
1062,Tamarillo,Jun,8.448887478,
1063,Tamarillo,Jul,3.949478292,
1064,Tamarillo,Aug,6.030702874,
1065,Tamarillo,Sep,7.267792545,
1066,Tamarillo,Oct,1.290763442,
1067,Tamarillo,Nov,2.767055949,
1068,Tamarillo,Dec,8.017757994,
1069,Tamarind,Jan,3.077615683,
1070,Tamarind,Feb,6.190870917,
1071,Tamarind,Mar,5.741284022,
1072,Tamarind,Apr,6.05220944,
1073,Tamarind,May,2.990027841,
1074,Tamarind,Jun,5.105415474,
1075,Tamarind,Jul,2.398840268,
1076,Tamarind,Aug,8.212670971,
1077,Tamarind,Sep,4.159240053,
1078,Tamarind,Oct,0.73871718,
1079,Tamarind,Nov,2.459450695,
1080,Tamarind,Dec,6.192922183,
1081,Ugli fruit,Jan,8.396572541,
1082,Ugli fruit,Feb,2.743860938,
1083,Ugli fruit,Mar,5.566325951,
1084,Ugli fruit,Apr,1.058005329,
1085,Ugli fruit,May,1.630307241,
1086,Ugli fruit,Jun,8.374666733,
1087,Ugli fruit,Jul,8.865889284,
1088,Ugli fruit,Aug,5.328918237,
1089,Ugli fruit,Sep,6.977984262,
1090,Ugli fruit,Oct,4.321697473,
1091,Ugli fruit,Nov,1.051512223,
1092,Ugli fruit,Dec,5.133662106,
1093,Yuzu,Jan,4.027525412,
1094,Yuzu,Feb,4.18922212,
1095,Yuzu,Mar,8.732479674,
1096,Yuzu,Apr,0.823596096,
1097,Yuzu,May,7.711683356,
1098,Yuzu,Jun,7.243978126,
1099,Yuzu,Jul,5.817157714,
1100,Yuzu,Aug,1.301098165,
1101,Yuzu,Sep,8.256667904,
1102,Yuzu,Oct,1.334888971,
1103,Yuzu,Nov,2.027096923,
1104,Yuzu,Dec,4.142312793,
